Diag,TP,TN,FP,FN,Prevalence,Accuracy,Precision,NPV,FDR,FOR,check_Pos,check_Neg,Recall (Sensitivity),FPR,FNR,TNR (Specificity),check_Pos2,check_Neg2,LR+,LR-,DOR,F1,MCC,BM,MK,Predicted Positive Ratio,ROC AUC,# of Positive Examples
New Diag: Borderline Intellectual Functioning,62.01,259.01,78.01,20.01,0.2,0.7661,0.4429,0.9283,0.5571,0.0717,1.0,1.0,0.756,0.2315,0.244,0.7685,1.0,1.0,3.2657,0.3175,1,0.5586,0.4412,0.5245,0.3712,0.33,0.8528262285590216,274.0
New Diag: Specific Learning Disorder with Impairment in Reading,85.01,239.01,68.01,27.01,0.27,0.7732,0.5555,0.8985,0.4445,0.1015,1.0,1.0,0.7589,0.2215,0.2411,0.7785,1.0,1.0,3.4262,0.3097,1,0.6415,0.4939,0.5373999999999999,0.45399999999999996,0.37,0.8483015355979526,371.0
New Diag: Intellectual Disability-Mild,5.01,363.01,41.01,10.01,0.04,0.8782,0.1089,0.9732,0.8911,0.0268,1.0,1.0,0.3336,0.1015,0.6664,0.8985,1.0,1.0,3.2867,0.7417,1,0.1642,0.138,0.23209999999999997,0.08210000000000006,0.11,0.781023102310231,51.0
New Diag: Specific Learning Disorder with Impairment in Mathematics,84.01,195.01,115.01,25.01,0.26,0.6659,0.4221,0.8863,0.5779,0.1137,1.0,1.0,0.7706,0.371,0.2294,0.629,1.0,1.0,2.0771,0.3647,1,0.5454,0.3511,0.39959999999999996,0.3084,0.47,0.7763243563184374,364.0
