,New Diag: Specific Learning Disorder with Impairment in Reading,New Diag: Specific Learning Disorder with Impairment in Mathematics,New Diag: Intellectual Disability-Mild,New Diag: Borderline Intellectual Functioning
1,"[0.773542926942764, 0.8214, 0.6417]","[0.6687185557857356, 0.688, 0.5452]","[0.6712871287128713, 0.6664, 0.6733]","[0.7710971991025548, 0.6707, 0.7389]"
2,"[0.7722487203350394, 0.8214, 0.6449]","[0.6781000295945546, 0.6513, 0.6064]","[0.7329207920792079, 0.4667, 0.7822]","[0.7828761670406021, 0.6341, 0.7834]"
